plate,well,forward_Primer,reverse_Primer,BarcodeNo,Barcode_forward,Barcode_reverse,Sample_name,timepoint,Treatment_number,treatment_control,code_plant_TNF
plate1,A01,CTTGGTCATTTAGAGGAAGTAA,TCCTCCGCTTATTGATATGC,02_50,GGTAGACACACAGACTGTGAG,GGTAGGATATACGCGAGAGAG,001,T0,1,Control,1A
plate1,B01,CTTGGTCATTTAGAGGAAGTAA,TCCTCCGCTTATTGATATGC,03_50,GGTAGACACATCTCGTGAGAG,GGTAGGATATACGCGAGAGAG,002,T0,1,Control,1B
plate1,C01,CTTGGTCATTTAGAGGAAGTAA,TCCTCCGCTTATTGATATGC,04_50,GGTAGCACGCACACACGCGCG,GGTAGGATATACGCGAGAGAG,003,T0,1,Control,1C
plate1,D01,CTTGGTCATTTAGAGGAAGTAA,TCCTCCGCTTATTGATATGC,05_50,GGTAGCACTCGACTCTCGCGT,GGTAGGATATACGCGAGAGAG,004,T0,2,control AMF,2A
plate1,E01,CTTGGTCATTTAGAGGAAGTAA,TCCTCCGCTTATTGATATGC,06_50,GGTAGCATATATATCAGCTGT,GGTAGGATATACGCGAGAGAG,005,T0,2,control AMF,2B
plate1,F01,CTTGGTCATTTAGAGGAAGTAA,TCCTCCGCTTATTGATATGC,07_50,GGTAGTCTGTATCTCTATGTG,GGTAGGATATACGCGAGAGAG,006,T0,2,control AMF,2C
plate1,G01,CTTGGTCATTTAGAGGAAGTAA,TCCTCCGCTTATTGATATGC,08_50,GGTAGACAGTCGAGCGCTGCG,GGTAGGATATACGCGAGAGAG,007,T0,3,Chicken manure,3A
plate1,H01,CTTGGTCATTTAGAGGAAGTAA,TCCTCCGCTTATTGATATGC,09_50,GGTAGACACACGCGAGACAGA,GGTAGGATATACGCGAGAGAG,008,T0,3,Chicken manure,3B
plate1,A02,CTTGGTCATTTAGAGGAAGTAA,TCCTCCGCTTATTGATATGC,02_51,GGTAGACACACAGACTGTGAG,GGTAGCGTGTCTAGCGCGCGC,009,T0,3,Chicken manure,3C
plate1,B02,CTTGGTCATTTAGAGGAAGTAA,TCCTCCGCTTATTGATATGC,03_51,GGTAGACACATCTCGTGAGAG,GGTAGCGTGTCTAGCGCGCGC,010,T0,4,Cow manure,4A
plate1,C02,CTTGGTCATTTAGAGGAAGTAA,TCCTCCGCTTATTGATATGC,04_51,GGTAGCACGCACACACGCGCG,GGTAGCGTGTCTAGCGCGCGC,011,T0,4,Cow manure,4B
plate1,D02,CTTGGTCATTTAGAGGAAGTAA,TCCTCCGCTTATTGATATGC,05_51,GGTAGCACTCGACTCTCGCGT,GGTAGCGTGTCTAGCGCGCGC,012,T0,4,Cow manure,4C
plate1,E02,CTTGGTCATTTAGAGGAAGTAA,TCCTCCGCTTATTGATATGC,06_51,GGTAGCATATATATCAGCTGT,GGTAGCGTGTCTAGCGCGCGC,013,T0,5,MO pellet,5A
plate1,F02,CTTGGTCATTTAGAGGAAGTAA,TCCTCCGCTTATTGATATGC,07_51,GGTAGTCTGTATCTCTATGTG,GGTAGCGTGTCTAGCGCGCGC,014,T0,5,MO pellet,5B
plate1,G02,CTTGGTCATTTAGAGGAAGTAA,TCCTCCGCTTATTGATATGC,08_51,GGTAGACAGTCGAGCGCTGCG,GGTAGCGTGTCTAGCGCGCGC,015,T0,5,MO pellet,5C
plate1,H02,CTTGGTCATTTAGAGGAAGTAA,TCCTCCGCTTATTGATATGC,09_51,GGTAGACACACGCGAGACAGA,GGTAGCGTGTCTAGCGCGCGC,016,T0,6,Compost,6A
plate1,A03,CTTGGTCATTTAGAGGAAGTAA,TCCTCCGCTTATTGATATGC,02_52,GGTAGACACACAGACTGTGAG,GGTAGGTGTGAGATATATATC,017,T0,6,Compost,6B
plate1,B03,CTTGGTCATTTAGAGGAAGTAA,TCCTCCGCTTATTGATATGC,03_52,GGTAGACACATCTCGTGAGAG,GGTAGGTGTGAGATATATATC,018,T0,6,Compost,6C
plate1,C03,CTTGGTCATTTAGAGGAAGTAA,TCCTCCGCTTATTGATATGC,04_52,GGTAGCACGCACACACGCGCG,GGTAGGTGTGAGATATATATC,019,T0,7,Legumes Control,7A
plate1,D03,CTTGGTCATTTAGAGGAAGTAA,TCCTCCGCTTATTGATATGC,05_52,GGTAGCACTCGACTCTCGCGT,GGTAGGTGTGAGATATATATC,020,T0,7,Legumes Control,7B
plate1,E03,CTTGGTCATTTAGAGGAAGTAA,TCCTCCGCTTATTGATATGC,06_52,GGTAGCATATATATCAGCTGT,GGTAGGTGTGAGATATATATC,021,T0,7,Legumes Control,7C
plate1,F03,CTTGGTCATTTAGAGGAAGTAA,TCCTCCGCTTATTGATATGC,07_52,GGTAGTCTGTATCTCTATGTG,GGTAGGTGTGAGATATATATC,022,T1,1,Control,1A
plate1,G03,CTTGGTCATTTAGAGGAAGTAA,TCCTCCGCTTATTGATATGC,08_52,GGTAGACAGTCGAGCGCTGCG,GGTAGGTGTGAGATATATATC,023,T1,1,Control,1B
plate1,H03,CTTGGTCATTTAGAGGAAGTAA,TCCTCCGCTTATTGATATGC,09_52,GGTAGACACACGCGAGACAGA,GGTAGGTGTGAGATATATATC,024,T1,1,Control,1C
plate1,A04,CTTGGTCATTTAGAGGAAGTAA,TCCTCCGCTTATTGATATGC,02_53,GGTAGACACACAGACTGTGAG,GGTAGCTCACGTACGTCACAC,025,T1,2,control AMF,2A
plate1,B04,CTTGGTCATTTAGAGGAAGTAA,TCCTCCGCTTATTGATATGC,03_53,GGTAGACACATCTCGTGAGAG,GGTAGCTCACGTACGTCACAC,026,T1,2,control AMF,2B
plate1,C04,CTTGGTCATTTAGAGGAAGTAA,TCCTCCGCTTATTGATATGC,04_53,GGTAGCACGCACACACGCGCG,GGTAGCTCACGTACGTCACAC,027,T1,2,control AMF,2C
plate1,D04,CTTGGTCATTTAGAGGAAGTAA,TCCTCCGCTTATTGATATGC,05_53,GGTAGCACTCGACTCTCGCGT,GGTAGCTCACGTACGTCACAC,028,T1,3,Chicken manure,3A
plate1,E04,CTTGGTCATTTAGAGGAAGTAA,TCCTCCGCTTATTGATATGC,06_53,GGTAGCATATATATCAGCTGT,GGTAGCTCACGTACGTCACAC,029,T1,3,Chicken manure,3B
plate1,F04,CTTGGTCATTTAGAGGAAGTAA,TCCTCCGCTTATTGATATGC,07_53,GGTAGTCTGTATCTCTATGTG,GGTAGCTCACGTACGTCACAC,030,T1,3,Chicken manure,3C
plate1,G04,CTTGGTCATTTAGAGGAAGTAA,TCCTCCGCTTATTGATATGC,08_53,GGTAGACAGTCGAGCGCTGCG,GGTAGCTCACGTACGTCACAC,031,T1,4,Cow manure,4A
plate1,H04,CTTGGTCATTTAGAGGAAGTAA,TCCTCCGCTTATTGATATGC,09_53,GGTAGACACACGCGAGACAGA,GGTAGCTCACGTACGTCACAC,032,T1,4,Cow manure,4B
plate1,A05,CTTGGTCATTTAGAGGAAGTAA,TCCTCCGCTTATTGATATGC,02_54,GGTAGACACACAGACTGTGAG,GGTAGGCGCACGCACTACAGA,033,T1,4,Cow manure,4C
plate1,B05,CTTGGTCATTTAGAGGAAGTAA,TCCTCCGCTTATTGATATGC,03_54,GGTAGACACATCTCGTGAGAG,GGTAGGCGCACGCACTACAGA,034,T1,5,MO pellet,5A
plate1,C05,CTTGGTCATTTAGAGGAAGTAA,TCCTCCGCTTATTGATATGC,04_54,GGTAGCACGCACACACGCGCG,GGTAGGCGCACGCACTACAGA,035,T1,5,MO pellet,5B
plate1,D05,CTTGGTCATTTAGAGGAAGTAA,TCCTCCGCTTATTGATATGC,05_54,GGTAGCACTCGACTCTCGCGT,GGTAGGCGCACGCACTACAGA,036,T1,5,MO pellet,5C
plate1,E05,CTTGGTCATTTAGAGGAAGTAA,TCCTCCGCTTATTGATATGC,06_54,GGTAGCATATATATCAGCTGT,GGTAGGCGCACGCACTACAGA,037,T1,6,Compost,6A
plate1,F05,CTTGGTCATTTAGAGGAAGTAA,TCCTCCGCTTATTGATATGC,07_54,GGTAGTCTGTATCTCTATGTG,GGTAGGCGCACGCACTACAGA,038,T1,6,Compost,6B
plate1,G05,CTTGGTCATTTAGAGGAAGTAA,TCCTCCGCTTATTGATATGC,08_54,GGTAGACAGTCGAGCGCTGCG,GGTAGGCGCACGCACTACAGA,039,T1,6,Compost,6C
plate1,H05,CTTGGTCATTTAGAGGAAGTAA,TCCTCCGCTTATTGATATGC,09_54,GGTAGACACACGCGAGACAGA,GGTAGGCGCACGCACTACAGA,040,T1,7,Legumes Control,7A
plate1,A06,CTTGGTCATTTAGAGGAAGTAA,TCCTCCGCTTATTGATATGC,02_55,GGTAGACACACAGACTGTGAG,GGTAGCACACGAGATCTCATC,041,T1,7,Legumes Control,7B
plate1,B06,CTTGGTCATTTAGAGGAAGTAA,TCCTCCGCTTATTGATATGC,03_55,GGTAGACACATCTCGTGAGAG,GGTAGCACACGAGATCTCATC,042,T1,7,Legumes Control,7C
plate1,C06,CTTGGTCATTTAGAGGAAGTAA,TCCTCCGCTTATTGATATGC,04_55,GGTAGCACGCACACACGCGCG,GGTAGCACACGAGATCTCATC,043,T2,1,Control,1A
plate1,D06,CTTGGTCATTTAGAGGAAGTAA,TCCTCCGCTTATTGATATGC,05_55,GGTAGCACTCGACTCTCGCGT,GGTAGCACACGAGATCTCATC,044,T2,1,Control,1B
plate1,E06,CTTGGTCATTTAGAGGAAGTAA,TCCTCCGCTTATTGATATGC,06_55,GGTAGCATATATATCAGCTGT,GGTAGCACACGAGATCTCATC,045,T2,1,Control,1C
plate1,F06,CTTGGTCATTTAGAGGAAGTAA,TCCTCCGCTTATTGATATGC,07_55,GGTAGTCTGTATCTCTATGTG,GGTAGCACACGAGATCTCATC,046,T2,2,control AMF,2A
plate1,G06,CTTGGTCATTTAGAGGAAGTAA,TCCTCCGCTTATTGATATGC,08_55,GGTAGACAGTCGAGCGCTGCG,GGTAGCACACGAGATCTCATC,047,T2,2,control AMF,2B
plate1,H06,CTTGGTCATTTAGAGGAAGTAA,TCCTCCGCTTATTGATATGC,09_55,GGTAGACACACGCGAGACAGA,GGTAGCACACGAGATCTCATC,048,T2,2,control AMF,2C
plate1,A07,CTTGGTCATTTAGAGGAAGTAA,TCCTCCGCTTATTGATATGC,02_56,GGTAGACACACAGACTGTGAG,GGTAGAGACACACACGCACAT,049,T2,3,Chicken manure,3A
plate1,B07,CTTGGTCATTTAGAGGAAGTAA,TCCTCCGCTTATTGATATGC,03_56,GGTAGACACATCTCGTGAGAG,GGTAGAGACACACACGCACAT,050,T2,3,Chicken manure,3B
plate1,C07,CTTGGTCATTTAGAGGAAGTAA,TCCTCCGCTTATTGATATGC,04_56,GGTAGCACGCACACACGCGCG,GGTAGAGACACACACGCACAT,051,T2,3,Chicken manure,3C
plate1,D07,CTTGGTCATTTAGAGGAAGTAA,TCCTCCGCTTATTGATATGC,05_56,GGTAGCACTCGACTCTCGCGT,GGTAGAGACACACACGCACAT,052,T2,4,Cow manure,4A
plate1,E07,CTTGGTCATTTAGAGGAAGTAA,TCCTCCGCTTATTGATATGC,06_56,GGTAGCATATATATCAGCTGT,GGTAGAGACACACACGCACAT,053,T2,4,Cow manure,4B
plate1,F07,CTTGGTCATTTAGAGGAAGTAA,TCCTCCGCTTATTGATATGC,07_56,GGTAGTCTGTATCTCTATGTG,GGTAGAGACACACACGCACAT,054,T2,4,Cow manure,4C
plate1,G07,CTTGGTCATTTAGAGGAAGTAA,TCCTCCGCTTATTGATATGC,08_56,GGTAGACAGTCGAGCGCTGCG,GGTAGAGACACACACGCACAT,055,T2,5,MO pellet,5A
plate1,H07,CTTGGTCATTTAGAGGAAGTAA,TCCTCCGCTTATTGATATGC,09_56,GGTAGACACACGCGAGACAGA,GGTAGAGACACACACGCACAT,056,T2,5,MO pellet,5B
plate1,A08,CTTGGTCATTTAGAGGAAGTAA,TCCTCCGCTTATTGATATGC,02_57,GGTAGACACACAGACTGTGAG,GGTAGGACGAGCGTCTGAGAG,057,T2,5,MO pellet,5C
plate1,B08,CTTGGTCATTTAGAGGAAGTAA,TCCTCCGCTTATTGATATGC,03_57,GGTAGACACATCTCGTGAGAG,GGTAGGACGAGCGTCTGAGAG,058,T2,6,Compost,6A
plate1,C08,CTTGGTCATTTAGAGGAAGTAA,TCCTCCGCTTATTGATATGC,04_57,GGTAGCACGCACACACGCGCG,GGTAGGACGAGCGTCTGAGAG,059,T2,6,Compost,6B
plate1,D08,CTTGGTCATTTAGAGGAAGTAA,TCCTCCGCTTATTGATATGC,05_57,GGTAGCACTCGACTCTCGCGT,GGTAGGACGAGCGTCTGAGAG,060,T2,6,Compost,6C
plate1,E08,CTTGGTCATTTAGAGGAAGTAA,TCCTCCGCTTATTGATATGC,06_57,GGTAGCATATATATCAGCTGT,GGTAGGACGAGCGTCTGAGAG,061,T2,7,Legumes Control,7A
plate1,F08,CTTGGTCATTTAGAGGAAGTAA,TCCTCCGCTTATTGATATGC,07_57,GGTAGTCTGTATCTCTATGTG,GGTAGGACGAGCGTCTGAGAG,062,T2,7,Legumes Control,7B
plate1,G08,CTTGGTCATTTAGAGGAAGTAA,TCCTCCGCTTATTGATATGC,08_57,GGTAGACAGTCGAGCGCTGCG,GGTAGGACGAGCGTCTGAGAG,063,T2,7,Legumes Control,7C
plate1,H08,CTTGGTCATTTAGAGGAAGTAA,TCCTCCGCTTATTGATATGC,09_57,GGTAGACACACGCGAGACAGA,GGTAGGACGAGCGTCTGAGAG,064,T3,1,Control,1A
plate1,A09,CTTGGTCATTTAGAGGAAGTAA,TCCTCCGCTTATTGATATGC,02_58,GGTAGACACACAGACTGTGAG,GGTAGTGTGTCTCTGAGAGTA,065,T3,1,Control,1B
plate1,B09,CTTGGTCATTTAGAGGAAGTAA,TCCTCCGCTTATTGATATGC,03_58,GGTAGACACATCTCGTGAGAG,GGTAGTGTGTCTCTGAGAGTA,066,T3,1,Control,1C
plate1,C09,CTTGGTCATTTAGAGGAAGTAA,TCCTCCGCTTATTGATATGC,04_58,GGTAGCACGCACACACGCGCG,GGTAGTGTGTCTCTGAGAGTA,067,T3,2,control AMF,2A
plate1,D09,CTTGGTCATTTAGAGGAAGTAA,TCCTCCGCTTATTGATATGC,05_58,GGTAGCACTCGACTCTCGCGT,GGTAGTGTGTCTCTGAGAGTA,068,T3,2,control AMF,2B
plate1,E09,CTTGGTCATTTAGAGGAAGTAA,TCCTCCGCTTATTGATATGC,06_58,GGTAGCATATATATCAGCTGT,GGTAGTGTGTCTCTGAGAGTA,069,T3,2,control AMF,2C
plate1,F09,CTTGGTCATTTAGAGGAAGTAA,TCCTCCGCTTATTGATATGC,07_58,GGTAGTCTGTATCTCTATGTG,GGTAGTGTGTCTCTGAGAGTA,070,T3,3,Chicken manure,3A
plate1,G09,CTTGGTCATTTAGAGGAAGTAA,TCCTCCGCTTATTGATATGC,08_58,GGTAGACAGTCGAGCGCTGCG,GGTAGTGTGTCTCTGAGAGTA,071,T3,3,Chicken manure,3B
plate1,H09,CTTGGTCATTTAGAGGAAGTAA,TCCTCCGCTTATTGATATGC,09_58,GGTAGACACACGCGAGACAGA,GGTAGTGTGTCTCTGAGAGTA,072,T3,3,Chicken manure,3C
plate1,A10,CTTGGTCATTTAGAGGAAGTAA,TCCTCCGCTTATTGATATGC,02_59,GGTAGACACACAGACTGTGAG,GGTAGCACACGCACTGAGATA,073,T3,4,Cow manure,4A
plate1,B10,CTTGGTCATTTAGAGGAAGTAA,TCCTCCGCTTATTGATATGC,03_59,GGTAGACACATCTCGTGAGAG,GGTAGCACACGCACTGAGATA,074,T3,4,Cow manure,4B
plate1,C10,CTTGGTCATTTAGAGGAAGTAA,TCCTCCGCTTATTGATATGC,04_59,GGTAGCACGCACACACGCGCG,GGTAGCACACGCACTGAGATA,075,T3,4,Cow manure,4C
plate1,D10,CTTGGTCATTTAGAGGAAGTAA,TCCTCCGCTTATTGATATGC,05_59,GGTAGCACTCGACTCTCGCGT,GGTAGCACACGCACTGAGATA,076,T3,5,MO pellet,5A
plate1,E10,CTTGGTCATTTAGAGGAAGTAA,TCCTCCGCTTATTGATATGC,06_59,GGTAGCATATATATCAGCTGT,GGTAGCACACGCACTGAGATA,077,T3,5,MO pellet,5B
plate1,F10,CTTGGTCATTTAGAGGAAGTAA,TCCTCCGCTTATTGATATGC,07_59,GGTAGTCTGTATCTCTATGTG,GGTAGCACACGCACTGAGATA,078,T3,5,MO pellet,5C
plate1,G10,CTTGGTCATTTAGAGGAAGTAA,TCCTCCGCTTATTGATATGC,08_59,GGTAGACAGTCGAGCGCTGCG,GGTAGCACACGCACTGAGATA,079,T3,6,Compost,6A
plate1,H10,CTTGGTCATTTAGAGGAAGTAA,TCCTCCGCTTATTGATATGC,09_59,GGTAGACACACGCGAGACAGA,GGTAGCACACGCACTGAGATA,080,T3,6,Compost,6B
plate1,A11,CTTGGTCATTTAGAGGAAGTAA,TCCTCCGCTTATTGATATGC,02_60,GGTAGACACACAGACTGTGAG,GGTAGGATGAGTATAGACACA,081,T3,6,Compost,6C
plate1,B11,CTTGGTCATTTAGAGGAAGTAA,TCCTCCGCTTATTGATATGC,03_60,GGTAGACACATCTCGTGAGAG,GGTAGGATGAGTATAGACACA,082,T3,7,Legumes Control,7A
plate1,C11,CTTGGTCATTTAGAGGAAGTAA,TCCTCCGCTTATTGATATGC,04_60,GGTAGCACGCACACACGCGCG,GGTAGGATGAGTATAGACACA,083,T3,7,Legumes Control,7B
plate1,D11,CTTGGTCATTTAGAGGAAGTAA,TCCTCCGCTTATTGATATGC,05_60,GGTAGCACTCGACTCTCGCGT,GGTAGGATGAGTATAGACACA,084,T3,7,Legumes Control,7C
plate1,E11,CTTGGTCATTTAGAGGAAGTAA,TCCTCCGCTTATTGATATGC,06_60,GGTAGCATATATATCAGCTGT,GGTAGGATGAGTATAGACACA,085,T4,1,Control,1A
plate1,F11,CTTGGTCATTTAGAGGAAGTAA,TCCTCCGCTTATTGATATGC,07_60,GGTAGTCTGTATCTCTATGTG,GGTAGGATGAGTATAGACACA,086,T4,1,Control,1B
plate1,G11,CTTGGTCATTTAGAGGAAGTAA,TCCTCCGCTTATTGATATGC,08_60,GGTAGACAGTCGAGCGCTGCG,GGTAGGATGAGTATAGACACA,087,T4,1,Control,1C
plate1,H11,CTTGGTCATTTAGAGGAAGTAA,TCCTCCGCTTATTGATATGC,09_60,GGTAGACACACGCGAGACAGA,GGTAGGATGAGTATAGACACA,088,T4,2,control AMF,2A
plate1,A12,CTTGGTCATTTAGAGGAAGTAA,TCCTCCGCTTATTGATATGC,02_61,GGTAGACACACAGACTGTGAG,GGTAGGCTGTGTGTGCTCGTC,089,T4,2,control AMF,2B
plate1,B12,CTTGGTCATTTAGAGGAAGTAA,TCCTCCGCTTATTGATATGC,03_61,GGTAGACACATCTCGTGAGAG,GGTAGGCTGTGTGTGCTCGTC,090,T4,2,control AMF,2C
plate1,C12,CTTGGTCATTTAGAGGAAGTAA,TCCTCCGCTTATTGATATGC,04_61,GGTAGCACGCACACACGCGCG,GGTAGGCTGTGTGTGCTCGTC,091,T4,3,Chicken manure,3A
plate1,D12,CTTGGTCATTTAGAGGAAGTAA,TCCTCCGCTTATTGATATGC,05_61,GGTAGCACTCGACTCTCGCGT,GGTAGGCTGTGTGTGCTCGTC,092,T4,3,Chicken manure,3B
plate1,E12,CTTGGTCATTTAGAGGAAGTAA,TCCTCCGCTTATTGATATGC,06_61,GGTAGCATATATATCAGCTGT,GGTAGGCTGTGTGTGCTCGTC,093,T4,3,Chicken manure,3C
plate1,F12,CTTGGTCATTTAGAGGAAGTAA,TCCTCCGCTTATTGATATGC,07_61,GGTAGTCTGTATCTCTATGTG,GGTAGGCTGTGTGTGCTCGTC,094,T4,4,Cow manure,4A
plate1,G12,CTTGGTCATTTAGAGGAAGTAA,TCCTCCGCTTATTGATATGC,08_61,GGTAGACAGTCGAGCGCTGCG,GGTAGGCTGTGTGTGCTCGTC,095,T4,4,Cow manure,4B
plate1,H12,CTTGGTCATTTAGAGGAAGTAA,TCCTCCGCTTATTGATATGC,09_61,GGTAGACACACGCGAGACAGA,GGTAGGCTGTGTGTGCTCGTC,096,T4,4,Cow manure,4C
plate2,A01,CTTGGTCATTTAGAGGAAGTAA,TCCTCCGCTTATTGATATGC,10_50,GGTAGACGCGCTATCTCAGAG,GGTAGGATATACGCGAGAGAG,097,T4,5,MO pellet,5A
plate2,B01,CTTGGTCATTTAGAGGAAGTAA,TCCTCCGCTTATTGATATGC,11_50,GGTAGCTATACGTATATCTAT,GGTAGGATATACGCGAGAGAG,098,T4,5,MO pellet,5B
plate2,C01,CTTGGTCATTTAGAGGAAGTAA,TCCTCCGCTTATTGATATGC,12_50,GGTAGACACTAGATCGCGTGT,GGTAGGATATACGCGAGAGAG,099,T4,5,MO pellet,5C
plate2,D01,CTTGGTCATTTAGAGGAAGTAA,TCCTCCGCTTATTGATATGC,13_50,GGTAGCTCTCGCATACGCGAG,GGTAGGATATACGCGAGAGAG,100,T4,6,Compost,6A
plate2,E01,CTTGGTCATTTAGAGGAAGTAA,TCCTCCGCTTATTGATATGC,14_50,GGTAGCTCACTACGCGCGCGT,GGTAGGATATACGCGAGAGAG,101,T4,6,Compost,6B
plate2,F01,CTTGGTCATTTAGAGGAAGTAA,TCCTCCGCTTATTGATATGC,15_50,GGTAGCGCATGACACGTGTGT,GGTAGGATATACGCGAGAGAG,102,T4,6,Compost,6C
plate2,G01,CTTGGTCATTTAGAGGAAGTAA,TCCTCCGCTTATTGATATGC,16_50,GGTAGCATAGAGAGATAGTAT,GGTAGGATATACGCGAGAGAG,103,T4,7,Legumes Control,7A
plate2,H01,CTTGGTCATTTAGAGGAAGTAA,TCCTCCGCTTATTGATATGC,17_50,GGTAGCACACGCGCGCTATAT,GGTAGGATATACGCGAGAGAG,104,T4,7,Legumes Control,7B
plate2,A02,CTTGGTCATTTAGAGGAAGTAA,TCCTCCGCTTATTGATATGC,10_51,GGTAGACGCGCTATCTCAGAG,GGTAGCGTGTCTAGCGCGCGC,105,T4,7,Legumes Control,7C
plate2,B02,CTTGGTCATTTAGAGGAAGTAA,TCCTCCGCTTATTGATATGC,11_51,GGTAGCTATACGTATATCTAT,GGTAGCGTGTCTAGCGCGCGC,106,T5,1,Control,1A
plate2,C02,CTTGGTCATTTAGAGGAAGTAA,TCCTCCGCTTATTGATATGC,12_51,GGTAGACACTAGATCGCGTGT,GGTAGCGTGTCTAGCGCGCGC,107,T5,1,Control,1B
plate2,D02,CTTGGTCATTTAGAGGAAGTAA,TCCTCCGCTTATTGATATGC,13_51,GGTAGCTCTCGCATACGCGAG,GGTAGCGTGTCTAGCGCGCGC,108,T5,1,Control,1C
plate2,E02,CTTGGTCATTTAGAGGAAGTAA,TCCTCCGCTTATTGATATGC,14_51,GGTAGCTCACTACGCGCGCGT,GGTAGCGTGTCTAGCGCGCGC,109,T5,2,control AMF,2A
plate2,F02,CTTGGTCATTTAGAGGAAGTAA,TCCTCCGCTTATTGATATGC,15_51,GGTAGCGCATGACACGTGTGT,GGTAGCGTGTCTAGCGCGCGC,110,T5,2,control AMF,2B
plate2,G02,CTTGGTCATTTAGAGGAAGTAA,TCCTCCGCTTATTGATATGC,16_51,GGTAGCATAGAGAGATAGTAT,GGTAGCGTGTCTAGCGCGCGC,111,T5,2,control AMF,2C
plate2,H02,CTTGGTCATTTAGAGGAAGTAA,TCCTCCGCTTATTGATATGC,17_51,GGTAGCACACGCGCGCTATAT,GGTAGCGTGTCTAGCGCGCGC,112,T5,3,Chicken manure,3A
plate2,A03,CTTGGTCATTTAGAGGAAGTAA,TCCTCCGCTTATTGATATGC,10_52,GGTAGACGCGCTATCTCAGAG,GGTAGGTGTGAGATATATATC,113,T5,3,Chicken manure,3B
plate2,B03,CTTGGTCATTTAGAGGAAGTAA,TCCTCCGCTTATTGATATGC,11_52,GGTAGCTATACGTATATCTAT,GGTAGGTGTGAGATATATATC,114,T5,3,Chicken manure,3C
plate2,C03,CTTGGTCATTTAGAGGAAGTAA,TCCTCCGCTTATTGATATGC,12_52,GGTAGACACTAGATCGCGTGT,GGTAGGTGTGAGATATATATC,115,T5,4,Cow manure,4A
plate2,D03,CTTGGTCATTTAGAGGAAGTAA,TCCTCCGCTTATTGATATGC,13_52,GGTAGCTCTCGCATACGCGAG,GGTAGGTGTGAGATATATATC,116,T5,4,Cow manure,4B
plate2,E03,CTTGGTCATTTAGAGGAAGTAA,TCCTCCGCTTATTGATATGC,14_52,GGTAGCTCACTACGCGCGCGT,GGTAGGTGTGAGATATATATC,117,T5,4,Cow manure,4C
plate2,F03,CTTGGTCATTTAGAGGAAGTAA,TCCTCCGCTTATTGATATGC,15_52,GGTAGCGCATGACACGTGTGT,GGTAGGTGTGAGATATATATC,118,T5,5,MO pellet,5A
plate2,G03,CTTGGTCATTTAGAGGAAGTAA,TCCTCCGCTTATTGATATGC,16_52,GGTAGCATAGAGAGATAGTAT,GGTAGGTGTGAGATATATATC,119,T5,5,MO pellet,5B
plate2,H03,CTTGGTCATTTAGAGGAAGTAA,TCCTCCGCTTATTGATATGC,17_52,GGTAGCACACGCGCGCTATAT,GGTAGGTGTGAGATATATATC,120,T5,5,MO pellet,5C
plate2,A04,CTTGGTCATTTAGAGGAAGTAA,TCCTCCGCTTATTGATATGC,10_53,GGTAGACGCGCTATCTCAGAG,GGTAGCTCACGTACGTCACAC,121,T5,6,Compost,6A
plate2,B04,CTTGGTCATTTAGAGGAAGTAA,TCCTCCGCTTATTGATATGC,11_53,GGTAGCTATACGTATATCTAT,GGTAGCTCACGTACGTCACAC,122,T5,6,Compost,6B
plate2,C04,CTTGGTCATTTAGAGGAAGTAA,TCCTCCGCTTATTGATATGC,12_53,GGTAGACACTAGATCGCGTGT,GGTAGCTCACGTACGTCACAC,123,T5,6,Compost,6C
plate2,D04,CTTGGTCATTTAGAGGAAGTAA,TCCTCCGCTTATTGATATGC,13_53,GGTAGCTCTCGCATACGCGAG,GGTAGCTCACGTACGTCACAC,124,T5,7,Legumes Control,7A
plate2,E04,CTTGGTCATTTAGAGGAAGTAA,TCCTCCGCTTATTGATATGC,14_53,GGTAGCTCACTACGCGCGCGT,GGTAGCTCACGTACGTCACAC,125,T5,7,Legumes Control,7B
plate2,F04,CTTGGTCATTTAGAGGAAGTAA,TCCTCCGCTTATTGATATGC,15_53,GGTAGCGCATGACACGTGTGT,GGTAGCTCACGTACGTCACAC,126,T5,7,Legumes Control,7C
plate2,G04,CTTGGTCATTTAGAGGAAGTAA,TCCTCCGCTTATTGATATGC,16_53,GGTAGCATAGAGAGATAGTAT,GGTAGCTCACGTACGTCACAC,ExtrCTRL,NA,EXT,CTL,NA
plate2,H04,CTTGGTCATTTAGAGGAAGTAA,TCCTCCGCTTATTGATATGC,17_53,GGTAGCACACGCGCGCTATAT,GGTAGCTCACGTACGTCACAC,NTC,NA,NTC,NTC,NA
